{
  "source_file": "reports/phase1/gpu_training/layoutlmv3_training_report.json",
  "loss_png": "reports/phase1/gpu_training/layoutlmv3_loss_curve.png",
  "epochs": [
    1,
    2,
    3,
    4,
    5
  ],
  "train_loss": [
    0.7666405623419243,
    0.13186411524289532,
    0.07848083919012233,
    0.0615527684457208,
    0.052901825828379705
  ],
  "validation_loss": [
    0.1868693458152489,
    0.08232416700519307,
    0.06808421690620377,
    0.06136300898826038,
    0.059224570878374745
  ],
  "token_f1": [
    0.612942612942613,
    0.820763956904995,
    0.846081208687441,
    0.8538899430740038,
    0.8647114474929044
  ],
  "field_macro_f1": [
    0.2727845398248986,
    0.5673369395358037,
    0.5987341826702939,
    0.6071122566464308,
    0.6231337901366925
  ],
  "missing": []
}
